{
    "codebase_version": "v2.1",
    "robot_type": "unknown",
    "total_episodes": 27,
    "total_frames": 10944,
    "total_tasks": 1,
    "total_videos": 27,
    "total_chunks": 1,
    "chunks_size": 1000,
    "fps": 10,
    "splits": {
        "train": "0:4"
    },
    "data_path": "data/chunk-{episode_chunk:03d}/episode_{episode_index:06d}.parquet",
    "video_path": "videos/chunk-{episode_chunk:03d}/{video_key}/episode_{episode_index:06d}.mp4",
    "features": {
        "observation.image": {
            "dtype": "video",
            "shape": [
                302,
                362,
                3
            ],
            "names": [
                "height",
                "width",
                "channel"
            ],
            "video_info": {
                "video.fps": 10.0,
                "video.codec": "av1",
                "video.pix_fmt": "yuv420p",
                "video.is_depth_map": false,
                "has_audio": false
            }
        },
        "observation.state": {
            "dtype": "float32",
            "shape": [
                2
            ],
            "names": {
                "motors": [
                    "motor_0",
                    "motor_1"
                ]
            }
        },
        "action": {
            "dtype": "float32",
            "shape": [
                2
            ],
            "names": {
                "motors": [
                    "motor_0",
                    "motor_1"
                ]
            }
        },
        "episode_index": {
            "dtype": "int64",
            "shape": [
                1
            ],
            "names": null
        },
        "frame_index": {
            "dtype": "int64",
            "shape": [
                1
            ],
            "names": null
        },
        "timestamp": {
            "dtype": "float32",
            "shape": [
                1
            ],
            "names": null
        },
        "next.reward": {
            "dtype": "float32",
            "shape": [
                1
            ],
            "names": null
        },
        "next.done": {
            "dtype": "bool",
            "shape": [
                1
            ],
            "names": null
        },
        "next.success": {
            "dtype": "bool",
            "shape": [
                1
            ],
            "names": null
        },
        "index": {
            "dtype": "int64",
            "shape": [
                1
            ],
            "names": null
        },
        "task_index": {
            "dtype": "int64",
            "shape": [
                1
            ],
            "names": null
        }
    }
}